path,line,kind,name
experiments/fusion_protocol/analyze_fusion_results.py,17,FunctionDef,ensure_dir
experiments/fusion_protocol/analyze_fusion_results.py,21,FunctionDef,read_summaries
experiments/fusion_protocol/analyze_fusion_results.py,34,FunctionDef,mean_std_str
experiments/fusion_protocol/analyze_fusion_results.py,42,FunctionDef,aggregate_fold_seed
experiments/fusion_protocol/analyze_fusion_results.py,59,FunctionDef,read_head_class_metrics
experiments/fusion_protocol/analyze_fusion_results.py,82,FunctionDef,paired_comparisons
experiments/fusion_protocol/analyze_fusion_results.py,111,FunctionDef,make_report
experiments/fusion_protocol/analyze_fusion_results.py,173,FunctionDef,main
experiments/fusion_protocol/make_sample_distribution_table.py,25,FunctionDef,normalize_head_name
experiments/fusion_protocol/make_sample_distribution_table.py,30,FunctionDef,scan_dataset
experiments/fusion_protocol/make_sample_distribution_table.py,63,FunctionDef,make_distribution
experiments/fusion_protocol/make_sample_distribution_table.py,95,FunctionDef,latex_table
experiments/fusion_protocol/make_sample_distribution_table.py,141,FunctionDef,main
experiments/fusion_protocol/run_fusion_protocol_suite.py,97,FunctionDef,set_seed
experiments/fusion_protocol/run_fusion_protocol_suite.py,112,FunctionDef,ensure_dir
experiments/fusion_protocol/run_fusion_protocol_suite.py,116,FunctionDef,short_hash
experiments/fusion_protocol/run_fusion_protocol_suite.py,120,FunctionDef,canonical_head
experiments/fusion_protocol/run_fusion_protocol_suite.py,124,FunctionDef,safe_float_array
experiments/fusion_protocol/run_fusion_protocol_suite.py,130,FunctionDef,interp_nan_1d
experiments/fusion_protocol/run_fusion_protocol_suite.py,145,FunctionDef,resample_matrix
experiments/fusion_protocol/run_fusion_protocol_suite.py,162,FunctionDef,sincos_deg
experiments/fusion_protocol/run_fusion_protocol_suite.py,167,FunctionDef,polar_to_xyz
experiments/fusion_protocol/run_fusion_protocol_suite.py,176,FunctionDef,normalize_quat
experiments/fusion_protocol/run_fusion_protocol_suite.py,186,FunctionDef,quat_conj
experiments/fusion_protocol/run_fusion_protocol_suite.py,192,FunctionDef,quat_mul
experiments/fusion_protocol/run_fusion_protocol_suite.py,204,FunctionDef,quaternion_relative_to_first
experiments/fusion_protocol/run_fusion_protocol_suite.py,210,FunctionDef,delta
experiments/fusion_protocol/run_fusion_protocol_suite.py,219,ClassDef,CachedDataset
experiments/fusion_protocol/run_fusion_protocol_suite.py,233,FunctionDef,choose_col
experiments/fusion_protocol/run_fusion_protocol_suite.py,240,FunctionDef,read_csv_features
experiments/fusion_protocol/run_fusion_protocol_suite.py,304,FunctionDef,build_or_load_dataset
experiments/fusion_protocol/run_fusion_protocol_suite.py,427,FunctionDef,split_subjects
experiments/fusion_protocol/run_fusion_protocol_suite.py,441,FunctionDef,sample_balanced
experiments/fusion_protocol/run_fusion_protocol_suite.py,474,FunctionDef,protocol_indices
experiments/fusion_protocol/run_fusion_protocol_suite.py,525,FunctionDef,confusion_matrix
experiments/fusion_protocol/run_fusion_protocol_suite.py,533,FunctionDef,metrics_from_cm
experiments/fusion_protocol/run_fusion_protocol_suite.py,560,FunctionDef,compute_metrics
experiments/fusion_protocol/run_fusion_protocol_suite.py,618,ClassDef,TCNEncoder
experiments/fusion_protocol/run_fusion_protocol_suite.py,645,ClassDef,GRUEncoder
experiments/fusion_protocol/run_fusion_protocol_suite.py,661,ClassDef,TransformerSeqEncoder
experiments/fusion_protocol/run_fusion_protocol_suite.py,681,FunctionDef,build_encoder
experiments/fusion_protocol/run_fusion_protocol_suite.py,690,ClassDef,SingleStreamClassifier
experiments/fusion_protocol/run_fusion_protocol_suite.py,703,ClassDef,LateFusionClassifier
experiments/fusion_protocol/run_fusion_protocol_suite.py,715,ClassDef,AttentionFusionClassifier
experiments/fusion_protocol/run_fusion_protocol_suite.py,738,FunctionDef,count_params
experiments/fusion_protocol/run_fusion_protocol_suite.py,747,ClassDef,PreparedData
experiments/fusion_protocol/run_fusion_protocol_suite.py,761,FunctionDef,compute_norm
experiments/fusion_protocol/run_fusion_protocol_suite.py,769,FunctionDef,normalize_arr
experiments/fusion_protocol/run_fusion_protocol_suite.py,773,FunctionDef,prepare_inputs
experiments/fusion_protocol/run_fusion_protocol_suite.py,827,FunctionDef,build_model_for_experiment
experiments/fusion_protocol/run_fusion_protocol_suite.py,837,FunctionDef,forward_model
experiments/fusion_protocol/run_fusion_protocol_suite.py,843,FunctionDef,predict_all
experiments/fusion_protocol/run_fusion_protocol_suite.py,855,FunctionDef,evaluate_model
experiments/fusion_protocol/run_fusion_protocol_suite.py,862,FunctionDef,class_weights
experiments/fusion_protocol/run_fusion_protocol_suite.py,872,FunctionDef,train_one
experiments/fusion_protocol/run_fusion_protocol_suite.py,975,FunctionDef,summarize_counts
experiments/fusion_protocol/run_fusion_protocol_suite.py,984,FunctionDef,save_json
experiments/fusion_protocol/run_fusion_protocol_suite.py,989,FunctionDef,run_experiment
experiments/fusion_protocol/run_fusion_protocol_suite.py,1060,FunctionDef,expand_manifest
experiments/fusion_protocol/run_fusion_protocol_suite.py,1075,FunctionDef,main
experiments/fusion_protocol/run_fusion_protocol_suite.py,619,FunctionDef,__init__
experiments/fusion_protocol/run_fusion_protocol_suite.py,633,FunctionDef,forward_seq
experiments/fusion_protocol/run_fusion_protocol_suite.py,640,FunctionDef,forward
experiments/fusion_protocol/run_fusion_protocol_suite.py,646,FunctionDef,__init__
experiments/fusion_protocol/run_fusion_protocol_suite.py,654,FunctionDef,forward
experiments/fusion_protocol/run_fusion_protocol_suite.py,662,FunctionDef,__init__
experiments/fusion_protocol/run_fusion_protocol_suite.py,673,FunctionDef,forward
experiments/fusion_protocol/run_fusion_protocol_suite.py,691,FunctionDef,__init__
experiments/fusion_protocol/run_fusion_protocol_suite.py,699,FunctionDef,forward
experiments/fusion_protocol/run_fusion_protocol_suite.py,704,FunctionDef,__init__
experiments/fusion_protocol/run_fusion_protocol_suite.py,710,FunctionDef,forward
experiments/fusion_protocol/run_fusion_protocol_suite.py,716,FunctionDef,__init__
experiments/fusion_protocol/run_fusion_protocol_suite.py,728,FunctionDef,forward
experiments/fusion_protocol/run_fusion_protocol_suite.py,779,FunctionDef,to_t
experiments/fusion_protocol/run_fusion_protocol_suite.py,900,FunctionDef,maybe_augment
experiments/revision/analyze_fusion_results.py,17,FunctionDef,ensure_dir
experiments/revision/analyze_fusion_results.py,21,FunctionDef,read_summaries
experiments/revision/analyze_fusion_results.py,34,FunctionDef,mean_std_str
experiments/revision/analyze_fusion_results.py,42,FunctionDef,aggregate_fold_seed
experiments/revision/analyze_fusion_results.py,59,FunctionDef,read_head_class_metrics
experiments/revision/analyze_fusion_results.py,82,FunctionDef,paired_comparisons
experiments/revision/analyze_fusion_results.py,111,FunctionDef,make_report
experiments/revision/analyze_fusion_results.py,173,FunctionDef,main
experiments/revision/analyze_revision_lr_stats.py,44,FunctionDef,ensure_dir
experiments/revision/analyze_revision_lr_stats.py,47,FunctionDef,read_summaries
experiments/revision/analyze_revision_lr_stats.py,59,FunctionDef,parse_lr
experiments/revision/analyze_revision_lr_stats.py,73,FunctionDef,fold_seed_aggregate
experiments/revision/analyze_revision_lr_stats.py,91,FunctionDef,paired_stats
experiments/revision/analyze_revision_lr_stats.py,132,FunctionDef,compute_comparison
experiments/revision/analyze_revision_lr_stats.py,153,FunctionDef,make_lr_tables
experiments/revision/analyze_revision_lr_stats.py,175,FunctionDef,md_table
experiments/revision/analyze_revision_lr_stats.py,182,FunctionDef,main
experiments/revision/run_fusion_protocol_suite.py,97,FunctionDef,set_seed
experiments/revision/run_fusion_protocol_suite.py,112,FunctionDef,ensure_dir
experiments/revision/run_fusion_protocol_suite.py,116,FunctionDef,short_hash
experiments/revision/run_fusion_protocol_suite.py,120,FunctionDef,canonical_head
experiments/revision/run_fusion_protocol_suite.py,124,FunctionDef,safe_float_array
experiments/revision/run_fusion_protocol_suite.py,130,FunctionDef,interp_nan_1d
experiments/revision/run_fusion_protocol_suite.py,145,FunctionDef,resample_matrix
experiments/revision/run_fusion_protocol_suite.py,162,FunctionDef,sincos_deg
experiments/revision/run_fusion_protocol_suite.py,167,FunctionDef,polar_to_xyz
experiments/revision/run_fusion_protocol_suite.py,176,FunctionDef,normalize_quat
experiments/revision/run_fusion_protocol_suite.py,186,FunctionDef,quat_conj
experiments/revision/run_fusion_protocol_suite.py,192,FunctionDef,quat_mul
experiments/revision/run_fusion_protocol_suite.py,204,FunctionDef,quaternion_relative_to_first
experiments/revision/run_fusion_protocol_suite.py,210,FunctionDef,delta
experiments/revision/run_fusion_protocol_suite.py,219,ClassDef,CachedDataset
experiments/revision/run_fusion_protocol_suite.py,233,FunctionDef,choose_col
experiments/revision/run_fusion_protocol_suite.py,240,FunctionDef,read_csv_features
experiments/revision/run_fusion_protocol_suite.py,304,FunctionDef,build_or_load_dataset
experiments/revision/run_fusion_protocol_suite.py,427,FunctionDef,split_subjects
experiments/revision/run_fusion_protocol_suite.py,441,FunctionDef,sample_balanced
experiments/revision/run_fusion_protocol_suite.py,474,FunctionDef,protocol_indices
experiments/revision/run_fusion_protocol_suite.py,525,FunctionDef,confusion_matrix
experiments/revision/run_fusion_protocol_suite.py,533,FunctionDef,metrics_from_cm
experiments/revision/run_fusion_protocol_suite.py,560,FunctionDef,compute_metrics
experiments/revision/run_fusion_protocol_suite.py,618,ClassDef,TCNEncoder
experiments/revision/run_fusion_protocol_suite.py,645,ClassDef,GRUEncoder
experiments/revision/run_fusion_protocol_suite.py,661,ClassDef,TransformerSeqEncoder
experiments/revision/run_fusion_protocol_suite.py,681,FunctionDef,build_encoder
experiments/revision/run_fusion_protocol_suite.py,690,ClassDef,SingleStreamClassifier
experiments/revision/run_fusion_protocol_suite.py,703,ClassDef,LateFusionClassifier
experiments/revision/run_fusion_protocol_suite.py,715,ClassDef,AttentionFusionClassifier
experiments/revision/run_fusion_protocol_suite.py,738,FunctionDef,count_params
experiments/revision/run_fusion_protocol_suite.py,747,ClassDef,PreparedData
experiments/revision/run_fusion_protocol_suite.py,761,FunctionDef,compute_norm
experiments/revision/run_fusion_protocol_suite.py,769,FunctionDef,normalize_arr
experiments/revision/run_fusion_protocol_suite.py,773,FunctionDef,prepare_inputs
experiments/revision/run_fusion_protocol_suite.py,827,FunctionDef,build_model_for_experiment
experiments/revision/run_fusion_protocol_suite.py,837,FunctionDef,forward_model
experiments/revision/run_fusion_protocol_suite.py,843,FunctionDef,predict_all
experiments/revision/run_fusion_protocol_suite.py,855,FunctionDef,evaluate_model
experiments/revision/run_fusion_protocol_suite.py,862,FunctionDef,class_weights
experiments/revision/run_fusion_protocol_suite.py,872,FunctionDef,train_one
experiments/revision/run_fusion_protocol_suite.py,975,FunctionDef,summarize_counts
experiments/revision/run_fusion_protocol_suite.py,984,FunctionDef,save_json
experiments/revision/run_fusion_protocol_suite.py,989,FunctionDef,run_experiment
experiments/revision/run_fusion_protocol_suite.py,1071,FunctionDef,expand_manifest
experiments/revision/run_fusion_protocol_suite.py,1086,FunctionDef,main
experiments/revision/run_fusion_protocol_suite.py,619,FunctionDef,__init__
experiments/revision/run_fusion_protocol_suite.py,633,FunctionDef,forward_seq
experiments/revision/run_fusion_protocol_suite.py,640,FunctionDef,forward
experiments/revision/run_fusion_protocol_suite.py,646,FunctionDef,__init__
experiments/revision/run_fusion_protocol_suite.py,654,FunctionDef,forward
experiments/revision/run_fusion_protocol_suite.py,662,FunctionDef,__init__
experiments/revision/run_fusion_protocol_suite.py,673,FunctionDef,forward
experiments/revision/run_fusion_protocol_suite.py,691,FunctionDef,__init__
experiments/revision/run_fusion_protocol_suite.py,699,FunctionDef,forward
experiments/revision/run_fusion_protocol_suite.py,704,FunctionDef,__init__
experiments/revision/run_fusion_protocol_suite.py,710,FunctionDef,forward
experiments/revision/run_fusion_protocol_suite.py,716,FunctionDef,__init__
experiments/revision/run_fusion_protocol_suite.py,728,FunctionDef,forward
experiments/revision/run_fusion_protocol_suite.py,779,FunctionDef,to_t
experiments/revision/run_fusion_protocol_suite.py,900,FunctionDef,maybe_augment
legacy/BGT60TR13C/HMI_DataCap_raw_v1.py,12,FunctionDef,group_radar_files
legacy/BGT60TR13C/HMI_DataCap_raw_v1.py,47,FunctionDef,load_radar_and_imu_data
legacy/BGT60TR13C/HMI_DataCap_raw_v1.py,81,FunctionDef,trim_imu_data
legacy/BGT60TR13C/HMI_DataCap_raw_v1.py,93,FunctionDef,rebin_corrected_data
legacy/BGT60TR13C/HMI_DataCap_raw_v1.py,112,FunctionDef,quat_to_rotation_matrix
legacy/BGT60TR13C/HMI_DataCap_raw_v1.py,125,FunctionDef,rotate_vector_by_quaternion
legacy/BGT60TR13C/HMI_DataCap_raw_v1.py,129,FunctionDef,tilt_rotation_matrix
legacy/BGT60TR13C/HMI_DataCap_raw_v1.py,145,FunctionDef,correct_range
legacy/BGT60TR13C/HMI_DataCap_raw_v1.py,149,FunctionDef,correct_doppler
legacy/BGT60TR13C/HMI_DataCap_raw_v1.py,153,FunctionDef,correct_horizontal_angle
legacy/BGT60TR13C/HMI_DataCap_raw_v1.py,157,FunctionDef,correct_vertical_angle
legacy/BGT60TR13C/HMI_DataCap_raw_v1.py,163,FunctionDef,correct_single_bin
legacy/BGT60TR13C/HMI_DataCap_raw_v1.py,185,FunctionDef,apply_geometric_correction
legacy/BGT60TR13C/HMI_DataCap_raw_v1.py,213,FunctionDef,save_2d_array_as_image
legacy/BGT60TR13C/HMI_DataCap_raw_v1.py,226,FunctionDef,main
legacy/BGT60TR13C/helpers/DigitalBeamForming.py,32,ClassDef,DigitalBeamForming
legacy/BGT60TR13C/helpers/DigitalBeamForming.py,33,FunctionDef,__init__
legacy/BGT60TR13C/helpers/DigitalBeamForming.py,55,FunctionDef,run
legacy/BGT60TR13C/helpers/DistanceAlgo.py,36,ClassDef,DistanceAlgo
legacy/BGT60TR13C/helpers/DistanceAlgo.py,39,FunctionDef,__init__
legacy/BGT60TR13C/helpers/DistanceAlgo.py,49,FunctionDef,compute_distance
legacy/BGT60TR13C/helpers/DopplerAlgo.py,35,ClassDef,DopplerAlgo
legacy/BGT60TR13C/helpers/DopplerAlgo.py,38,FunctionDef,__init__
legacy/BGT60TR13C/helpers/DopplerAlgo.py,61,FunctionDef,compute_doppler_map
legacy/BGT60TR13C/helpers/fft_spectrum.py,32,FunctionDef,fft_spectrum
legacy/BGT60TR13C/interpolation/data_interporation_image_filter.py,17,FunctionDef,get_sensor_velocity_from_gyro
legacy/BGT60TR13C/interpolation/data_interporation_image_filter.py,29,FunctionDef,get_unit_vector_from_angles
legacy/BGT60TR13C/interpolation/data_interporation_image_filter.py,40,FunctionDef,apply_doppler_correction
legacy/BGT60TR13C/interpolation/data_interporation_image_filter.py,65,FunctionDef,group_radar_files
legacy/BGT60TR13C/interpolation/data_interporation_image_filter.py,85,FunctionDef,load_radar_and_imu_data
legacy/BGT60TR13C/interpolation/data_interporation_image_filter.py,114,FunctionDef,trim_imu_data
legacy/BGT60TR13C/interpolation/data_interporation_image_filter.py,128,FunctionDef,quat_to_rotation_matrix
legacy/BGT60TR13C/interpolation/data_interporation_image_filter.py,142,FunctionDef,rotate_vector_by_quaternion
legacy/BGT60TR13C/interpolation/data_interporation_image_filter.py,153,FunctionDef,tilt_rotation_matrix
legacy/BGT60TR13C/interpolation/data_interporation_image_filter.py,169,FunctionDef,wrap_angle
legacy/BGT60TR13C/interpolation/data_interporation_image_filter.py,176,FunctionDef,correct_range
legacy/BGT60TR13C/interpolation/data_interporation_image_filter.py,179,FunctionDef,correct_doppler
legacy/BGT60TR13C/interpolation/data_interporation_image_filter.py,182,FunctionDef,correct_horizontal_angle
legacy/BGT60TR13C/interpolation/data_interporation_image_filter.py,185,FunctionDef,correct_vertical_angle
legacy/BGT60TR13C/interpolation/data_interporation_image_filter.py,190,FunctionDef,correct_single_bin
legacy/BGT60TR13C/interpolation/data_interporation_image_filter.py,260,FunctionDef,apply_geometric_correction
legacy/BGT60TR13C/interpolation/data_interporation_image_filter.py,457,FunctionDef,save_2d_array_as_image
legacy/BGT60TR13C/interpolation/data_interporation_image_filter.py,497,FunctionDef,main
legacy/BGT60TR13C/interpolation/data_interportatiion_EKF_test.py,17,FunctionDef,get_sensor_velocity_from_gyro
legacy/BGT60TR13C/interpolation/data_interportatiion_EKF_test.py,29,FunctionDef,get_unit_vector_from_angles
legacy/BGT60TR13C/interpolation/data_interportatiion_EKF_test.py,40,FunctionDef,apply_doppler_correction
legacy/BGT60TR13C/interpolation/data_interportatiion_EKF_test.py,65,FunctionDef,group_radar_files
legacy/BGT60TR13C/interpolation/data_interportatiion_EKF_test.py,85,FunctionDef,load_radar_and_imu_data
legacy/BGT60TR13C/interpolation/data_interportatiion_EKF_test.py,114,FunctionDef,trim_imu_data
legacy/BGT60TR13C/interpolation/data_interportatiion_EKF_test.py,128,FunctionDef,quat_to_rotation_matrix
legacy/BGT60TR13C/interpolation/data_interportatiion_EKF_test.py,142,FunctionDef,rotate_vector_by_quaternion
legacy/BGT60TR13C/interpolation/data_interportatiion_EKF_test.py,153,FunctionDef,tilt_rotation_matrix
legacy/BGT60TR13C/interpolation/data_interportatiion_EKF_test.py,169,FunctionDef,wrap_angle
legacy/BGT60TR13C/interpolation/data_interportatiion_EKF_test.py,176,FunctionDef,correct_range
legacy/BGT60TR13C/interpolation/data_interportatiion_EKF_test.py,179,FunctionDef,correct_doppler
legacy/BGT60TR13C/interpolation/data_interportatiion_EKF_test.py,182,FunctionDef,correct_horizontal_angle
legacy/BGT60TR13C/interpolation/data_interportatiion_EKF_test.py,185,FunctionDef,correct_vertical_angle
legacy/BGT60TR13C/interpolation/data_interportatiion_EKF_test.py,190,FunctionDef,correct_single_bin
legacy/BGT60TR13C/interpolation/data_interportatiion_EKF_test.py,259,FunctionDef,apply_geometric_correction
legacy/BGT60TR13C/interpolation/data_interportatiion_EKF_test.py,451,ClassDef,EKFRangeDoppAngle8D
legacy/BGT60TR13C/interpolation/data_interportatiion_EKF_test.py,577,FunctionDef,save_2d_array_as_image
legacy/BGT60TR13C/interpolation/data_interportatiion_EKF_test.py,620,FunctionDef,test_main
legacy/BGT60TR13C/interpolation/data_interportatiion_EKF_test.py,483,FunctionDef,__init__
legacy/BGT60TR13C/interpolation/data_interportatiion_EKF_test.py,542,FunctionDef,predict
legacy/BGT60TR13C/interpolation/data_interportatiion_EKF_test.py,547,FunctionDef,update
legacy/BGT60TR13C/interpolation/data_interportatiion_EKF_test.py,563,FunctionDef,get_state
legacy/BGT60TR13C/interpolation/data_interportatiion_EKF_test.py,571,FunctionDef,get_cov
legacy/BGT60TR13C/interpolation/data_interportation_EKF_frame.py,17,FunctionDef,get_sensor_velocity_from_gyro
legacy/BGT60TR13C/interpolation/data_interportation_EKF_frame.py,29,FunctionDef,get_unit_vector_from_angles
legacy/BGT60TR13C/interpolation/data_interportation_EKF_frame.py,40,FunctionDef,apply_doppler_correction
legacy/BGT60TR13C/interpolation/data_interportation_EKF_frame.py,65,FunctionDef,group_radar_files
legacy/BGT60TR13C/interpolation/data_interportation_EKF_frame.py,85,FunctionDef,load_radar_and_imu_data
legacy/BGT60TR13C/interpolation/data_interportation_EKF_frame.py,114,FunctionDef,trim_imu_data
legacy/BGT60TR13C/interpolation/data_interportation_EKF_frame.py,128,FunctionDef,quat_to_rotation_matrix
legacy/BGT60TR13C/interpolation/data_interportation_EKF_frame.py,142,FunctionDef,rotate_vector_by_quaternion
legacy/BGT60TR13C/interpolation/data_interportation_EKF_frame.py,153,FunctionDef,tilt_rotation_matrix
legacy/BGT60TR13C/interpolation/data_interportation_EKF_frame.py,169,FunctionDef,wrap_angle
legacy/BGT60TR13C/interpolation/data_interportation_EKF_frame.py,176,FunctionDef,correct_range
legacy/BGT60TR13C/interpolation/data_interportation_EKF_frame.py,179,FunctionDef,correct_doppler
legacy/BGT60TR13C/interpolation/data_interportation_EKF_frame.py,182,FunctionDef,correct_horizontal_angle
legacy/BGT60TR13C/interpolation/data_interportation_EKF_frame.py,185,FunctionDef,correct_vertical_angle
legacy/BGT60TR13C/interpolation/data_interportation_EKF_frame.py,190,FunctionDef,correct_single_bin
legacy/BGT60TR13C/interpolation/data_interportation_EKF_frame.py,259,FunctionDef,apply_geometric_correction
legacy/BGT60TR13C/interpolation/data_interportation_EKF_frame.py,369,ClassDef,EKFRangeDoppAngle8D
legacy/BGT60TR13C/interpolation/data_interportation_EKF_frame.py,494,FunctionDef,save_ekf_states_as_csv
legacy/BGT60TR13C/interpolation/data_interportation_EKF_frame.py,516,FunctionDef,main
legacy/BGT60TR13C/interpolation/data_interportation_EKF_frame.py,401,FunctionDef,__init__
legacy/BGT60TR13C/interpolation/data_interportation_EKF_frame.py,460,FunctionDef,predict
legacy/BGT60TR13C/interpolation/data_interportation_EKF_frame.py,465,FunctionDef,update
legacy/BGT60TR13C/interpolation/data_interportation_EKF_frame.py,481,FunctionDef,get_state
legacy/BGT60TR13C/interpolation/data_interportation_EKF_frame.py,489,FunctionDef,get_cov
legacy/BGT60TR13C/interpolation/data_interportation_EKF_test.py,17,FunctionDef,get_sensor_velocity_from_gyro
legacy/BGT60TR13C/interpolation/data_interportation_EKF_test.py,29,FunctionDef,get_unit_vector_from_angles
legacy/BGT60TR13C/interpolation/data_interportation_EKF_test.py,40,FunctionDef,apply_doppler_correction
legacy/BGT60TR13C/interpolation/data_interportation_EKF_test.py,65,FunctionDef,group_radar_files
legacy/BGT60TR13C/interpolation/data_interportation_EKF_test.py,85,FunctionDef,load_radar_and_imu_data
legacy/BGT60TR13C/interpolation/data_interportation_EKF_test.py,114,FunctionDef,trim_imu_data
legacy/BGT60TR13C/interpolation/data_interportation_EKF_test.py,128,FunctionDef,quat_to_rotation_matrix
legacy/BGT60TR13C/interpolation/data_interportation_EKF_test.py,142,FunctionDef,rotate_vector_by_quaternion
legacy/BGT60TR13C/interpolation/data_interportation_EKF_test.py,153,FunctionDef,tilt_rotation_matrix
legacy/BGT60TR13C/interpolation/data_interportation_EKF_test.py,169,FunctionDef,wrap_angle
legacy/BGT60TR13C/interpolation/data_interportation_EKF_test.py,176,FunctionDef,correct_range
legacy/BGT60TR13C/interpolation/data_interportation_EKF_test.py,179,FunctionDef,correct_doppler
legacy/BGT60TR13C/interpolation/data_interportation_EKF_test.py,182,FunctionDef,correct_horizontal_angle
legacy/BGT60TR13C/interpolation/data_interportation_EKF_test.py,185,FunctionDef,correct_vertical_angle
legacy/BGT60TR13C/interpolation/data_interportation_EKF_test.py,190,FunctionDef,correct_single_bin
legacy/BGT60TR13C/interpolation/data_interportation_EKF_test.py,259,FunctionDef,apply_geometric_correction
legacy/BGT60TR13C/interpolation/data_interportation_EKF_test.py,459,ClassDef,EKFRangeDoppAngle8D
legacy/BGT60TR13C/interpolation/data_interportation_EKF_test.py,585,FunctionDef,save_2d_array_as_image
legacy/BGT60TR13C/interpolation/data_interportation_EKF_test.py,624,FunctionDef,save_ekf_states_as_csv
legacy/BGT60TR13C/interpolation/data_interportation_EKF_test.py,646,FunctionDef,test_main
legacy/BGT60TR13C/interpolation/data_interportation_EKF_test.py,491,FunctionDef,__init__
legacy/BGT60TR13C/interpolation/data_interportation_EKF_test.py,550,FunctionDef,predict
legacy/BGT60TR13C/interpolation/data_interportation_EKF_test.py,555,FunctionDef,update
legacy/BGT60TR13C/interpolation/data_interportation_EKF_test.py,571,FunctionDef,get_state
legacy/BGT60TR13C/interpolation/data_interportation_EKF_test.py,579,FunctionDef,get_cov
legacy/BGT60TR13C/interpolation/data_interportation_frame.py,17,FunctionDef,get_sensor_velocity_from_gyro
legacy/BGT60TR13C/interpolation/data_interportation_frame.py,24,FunctionDef,get_unit_vector_from_angles
legacy/BGT60TR13C/interpolation/data_interportation_frame.py,33,FunctionDef,apply_doppler_correction
legacy/BGT60TR13C/interpolation/data_interportation_frame.py,56,FunctionDef,group_radar_files
legacy/BGT60TR13C/interpolation/data_interportation_frame.py,76,FunctionDef,load_radar_and_imu_data
legacy/BGT60TR13C/interpolation/data_interportation_frame.py,109,FunctionDef,trim_imu_data
legacy/BGT60TR13C/interpolation/data_interportation_frame.py,121,FunctionDef,rebin_with_conversion
legacy/BGT60TR13C/interpolation/data_interportation_frame.py,132,FunctionDef,angle_to_bin
legacy/BGT60TR13C/interpolation/data_interportation_frame.py,136,FunctionDef,range_to_bin
legacy/BGT60TR13C/interpolation/data_interportation_frame.py,139,FunctionDef,doppler_to_bin
legacy/BGT60TR13C/interpolation/data_interportation_frame.py,146,FunctionDef,quat_to_rotation_matrix
legacy/BGT60TR13C/interpolation/data_interportation_frame.py,159,FunctionDef,rotate_vector_by_quaternion
legacy/BGT60TR13C/interpolation/data_interportation_frame.py,163,FunctionDef,tilt_rotation_matrix
legacy/BGT60TR13C/interpolation/data_interportation_frame.py,179,FunctionDef,correct_range
legacy/BGT60TR13C/interpolation/data_interportation_frame.py,182,FunctionDef,correct_doppler
legacy/BGT60TR13C/interpolation/data_interportation_frame.py,185,FunctionDef,correct_horizontal_angle
legacy/BGT60TR13C/interpolation/data_interportation_frame.py,188,FunctionDef,correct_vertical_angle
legacy/BGT60TR13C/interpolation/data_interportation_frame.py,193,FunctionDef,correct_single_bin
legacy/BGT60TR13C/interpolation/data_interportation_frame.py,231,FunctionDef,apply_geometric_correction
legacy/BGT60TR13C/interpolation/data_interportation_frame.py,301,FunctionDef,save_2d_array_as_image
legacy/BGT60TR13C/interpolation/data_interportation_frame.py,314,FunctionDef,angle_to_bin
legacy/BGT60TR13C/interpolation/data_interportation_frame.py,317,FunctionDef,range_to_bin
legacy/BGT60TR13C/interpolation/data_interportation_frame.py,320,FunctionDef,doppler_to_bin
legacy/BGT60TR13C/interpolation/data_interportation_frame.py,326,FunctionDef,rebin_with_conversion
legacy/BGT60TR13C/interpolation/data_interportation_frame.py,339,FunctionDef,bin_to_angle
legacy/BGT60TR13C/interpolation/data_interportation_frame.py,342,FunctionDef,bin_to_range
legacy/BGT60TR13C/interpolation/data_interportation_frame.py,345,FunctionDef,bin_to_doppler
legacy/BGT60TR13C/interpolation/data_interportation_frame.py,351,FunctionDef,main
legacy/BGT60TR13C/interpolation/data_interportation_image.py,17,FunctionDef,get_sensor_velocity_from_gyro
legacy/BGT60TR13C/interpolation/data_interportation_image.py,29,FunctionDef,get_unit_vector_from_angles
legacy/BGT60TR13C/interpolation/data_interportation_image.py,40,FunctionDef,apply_doppler_correction
legacy/BGT60TR13C/interpolation/data_interportation_image.py,65,FunctionDef,group_radar_files
legacy/BGT60TR13C/interpolation/data_interportation_image.py,85,FunctionDef,load_radar_and_imu_data
legacy/BGT60TR13C/interpolation/data_interportation_image.py,114,FunctionDef,trim_imu_data
legacy/BGT60TR13C/interpolation/data_interportation_image.py,128,FunctionDef,quat_to_rotation_matrix
legacy/BGT60TR13C/interpolation/data_interportation_image.py,142,FunctionDef,rotate_vector_by_quaternion
legacy/BGT60TR13C/interpolation/data_interportation_image.py,153,FunctionDef,tilt_rotation_matrix
legacy/BGT60TR13C/interpolation/data_interportation_image.py,169,FunctionDef,wrap_angle
legacy/BGT60TR13C/interpolation/data_interportation_image.py,176,FunctionDef,correct_range
legacy/BGT60TR13C/interpolation/data_interportation_image.py,179,FunctionDef,correct_doppler
legacy/BGT60TR13C/interpolation/data_interportation_image.py,182,FunctionDef,correct_horizontal_angle
legacy/BGT60TR13C/interpolation/data_interportation_image.py,185,FunctionDef,correct_vertical_angle
legacy/BGT60TR13C/interpolation/data_interportation_image.py,190,FunctionDef,correct_single_bin
legacy/BGT60TR13C/interpolation/data_interportation_image.py,260,FunctionDef,apply_geometric_correction
legacy/BGT60TR13C/interpolation/data_interportation_image.py,457,FunctionDef,save_2d_array_as_image
legacy/BGT60TR13C/interpolation/data_interportation_image.py,497,FunctionDef,main
legacy/BGT60TR13C/interpolation/data_interportation_test.py,17,FunctionDef,get_sensor_velocity_from_gyro
legacy/BGT60TR13C/interpolation/data_interportation_test.py,29,FunctionDef,get_unit_vector_from_angles
legacy/BGT60TR13C/interpolation/data_interportation_test.py,40,FunctionDef,apply_doppler_correction
legacy/BGT60TR13C/interpolation/data_interportation_test.py,65,FunctionDef,group_radar_files
legacy/BGT60TR13C/interpolation/data_interportation_test.py,85,FunctionDef,load_radar_and_imu_data
legacy/BGT60TR13C/interpolation/data_interportation_test.py,114,FunctionDef,trim_imu_data
legacy/BGT60TR13C/interpolation/data_interportation_test.py,128,FunctionDef,quat_to_rotation_matrix
legacy/BGT60TR13C/interpolation/data_interportation_test.py,142,FunctionDef,rotate_vector_by_quaternion
legacy/BGT60TR13C/interpolation/data_interportation_test.py,153,FunctionDef,tilt_rotation_matrix
legacy/BGT60TR13C/interpolation/data_interportation_test.py,169,FunctionDef,wrap_angle
legacy/BGT60TR13C/interpolation/data_interportation_test.py,176,FunctionDef,correct_range
legacy/BGT60TR13C/interpolation/data_interportation_test.py,179,FunctionDef,correct_doppler
legacy/BGT60TR13C/interpolation/data_interportation_test.py,182,FunctionDef,correct_horizontal_angle
legacy/BGT60TR13C/interpolation/data_interportation_test.py,185,FunctionDef,correct_vertical_angle
legacy/BGT60TR13C/interpolation/data_interportation_test.py,190,FunctionDef,correct_single_bin
legacy/BGT60TR13C/interpolation/data_interportation_test.py,259,FunctionDef,apply_geometric_correction
legacy/BGT60TR13C/interpolation/data_interportation_test.py,432,FunctionDef,save_2d_array_as_image
legacy/BGT60TR13C/interpolation/data_interportation_test.py,475,FunctionDef,test_main
legacy/BGT60TR13C/raw_to_RDA.py,17,FunctionDef,load_csv_files
legacy/BGT60TR13C/raw_to_RDA.py,28,FunctionDef,process_radar_data
legacy/BGT60TR13C/raw_to_RDA.py,104,FunctionDef,save_processed_data
legacy/BGT60TR13C/raw_to_RDAimage_CFAR.py,21,ClassDef,EKFRangeDoppAngle8D
legacy/BGT60TR13C/raw_to_RDAimage_CFAR.py,92,FunctionDef,cfar_2d_ca
legacy/BGT60TR13C/raw_to_RDAimage_CFAR.py,141,FunctionDef,cluster_2d
legacy/BGT60TR13C/raw_to_RDAimage_CFAR.py,174,FunctionDef,get_centroid_2d
legacy/BGT60TR13C/raw_to_RDAimage_CFAR.py,192,FunctionDef,load_csv_files
legacy/BGT60TR13C/raw_to_RDAimage_CFAR.py,204,FunctionDef,process_radar_data_with_cfar_clustering_ekf
legacy/BGT60TR13C/raw_to_RDAimage_CFAR.py,378,FunctionDef,save_processed_data
legacy/BGT60TR13C/raw_to_RDAimage_CFAR.py,27,FunctionDef,__init__
legacy/BGT60TR13C/raw_to_RDAimage_CFAR.py,70,FunctionDef,predict
legacy/BGT60TR13C/raw_to_RDAimage_CFAR.py,74,FunctionDef,update
legacy/BGT60TR13C/raw_to_RDAimage_CFAR.py,85,FunctionDef,get_state
legacy/BGT60TR13C/raw_to_RDAimage_frame_norn_csv.py,12,FunctionDef,load_csv_files
legacy/BGT60TR13C/raw_to_RDAimage_frame_norn_csv.py,27,FunctionDef,process_radar_data
legacy/BGT60TR13C/raw_to_RDAimage_frame_norn_csv.py,135,FunctionDef,save_processed_data_as_csv
legacy/BGT60TR13C/raw_to_RDAimage_frame_norn_csv.py,46,FunctionDef,map_top7_to_10_4
legacy/BGT60TR13C/raw_to_RDAimage_image_norm.py,12,FunctionDef,load_csv_files
legacy/BGT60TR13C/raw_to_RDAimage_image_norm.py,23,FunctionDef,process_radar_data
legacy/BGT60TR13C/raw_to_RDAimage_image_norm.py,112,FunctionDef,save_processed_data
legacy/BGT60TR13C/raw_to_RDAimage_image_norn_csv.py,12,FunctionDef,load_csv_files
legacy/BGT60TR13C/raw_to_RDAimage_image_norn_csv.py,23,FunctionDef,process_radar_data
legacy/BGT60TR13C/raw_to_RDAimage_image_norn_csv.py,111,FunctionDef,save_processed_data_as_csv
legacy/BGT60TR13C/raw_to_RDAimages_frame_norm.py,12,FunctionDef,load_csv_files
legacy/BGT60TR13C/raw_to_RDAimages_frame_norm.py,27,FunctionDef,process_radar_data
legacy/BGT60TR13C/raw_to_RDAimages_frame_norm.py,137,FunctionDef,save_processed_data
legacy/BGT60TR13C/raw_to_RDAimages_frame_norm.py,46,FunctionDef,map_top7_to_10_4
legacy/BGT60TR13C/raw_to_STFT.py,18,FunctionDef,load_csv_files
legacy/BGT60TR13C/raw_to_STFT.py,35,FunctionDef,process_radar_data
legacy/BGT60TR13C/raw_to_STFT_NTT.py,13,FunctionDef,ntt
legacy/BGT60TR13C/raw_to_STFT_NTT.py,30,FunctionDef,crt_combine
legacy/BGT60TR13C/raw_to_STFT_NTT.py,39,FunctionDef,ntt_spectrogram
legacy/BGT60TR13C/raw_to_STFT_NTT.py,117,FunctionDef,load_csv_files
legacy/BGT60TR13C/raw_to_STFT_NTT.py,129,FunctionDef,process_radar_data
legacy/geometry/processing_geometry_GPT.py,57,FunctionDef,normalize_quaternion
legacy/geometry/processing_geometry_GPT.py,71,FunctionDef,conjugate_quaternion
legacy/geometry/processing_geometry_GPT.py,77,FunctionDef,multiply_quaternion
legacy/geometry/processing_geometry_GPT.py,98,FunctionDef,rotate_vectors_by_quaternion
legacy/geometry/processing_geometry_GPT.py,120,FunctionDef,rotation_matrix
legacy/geometry/processing_geometry_GPT.py,164,FunctionDef,radar_polar_to_xyz
legacy/geometry/processing_geometry_GPT.py,191,FunctionDef,xyz_to_radar_polar
legacy/geometry/processing_geometry_GPT.py,208,FunctionDef,validate_columns
legacy/geometry/processing_geometry_GPT.py,217,FunctionDef,to_numeric_safe
legacy/geometry/processing_geometry_GPT.py,223,FunctionDef,choose_radar_input_columns
legacy/geometry/processing_geometry_GPT.py,238,FunctionDef,extract_quaternion
legacy/geometry/processing_geometry_GPT.py,264,FunctionDef,make_sensor_to_world_quaternion
legacy/geometry/processing_geometry_GPT.py,275,FunctionDef,make_reference_quaternion
legacy/geometry/processing_geometry_GPT.py,305,FunctionDef,correct_geometry_dataframe
legacy/geometry/processing_geometry_GPT.py,465,FunctionDef,process_directory
legacy/geometry/processing_geometry_GPT.py,561,FunctionDef,parse_args
legacy/geometry/processing_geometry_GPT.py,602,FunctionDef,main
legacy/geometry/processing_geometry_v1.py,9,FunctionDef,quat_to_rotation_matrix
legacy/geometry/processing_geometry_v1.py,22,FunctionDef,rotate_vector_by_quaternion
legacy/geometry/processing_geometry_v1.py,31,FunctionDef,geometric_correction
legacy/geometry/processing_geometry_v1.py,83,FunctionDef,main
legacy/geometry/processing_geometry_v2.py,6,FunctionDef,quat_to_rotation_matrix
legacy/geometry/processing_geometry_v2.py,16,FunctionDef,rotate_vector_by_quaternion
legacy/geometry/processing_geometry_v2.py,21,FunctionDef,geometric_correction
legacy/geometry/processing_geometry_v2.py,64,FunctionDef,main
legacy/geometry/processing_geometry_v3.py,9,FunctionDef,quat_to_rotation_matrix
legacy/geometry/processing_geometry_v3.py,22,FunctionDef,inverse_quaternion
legacy/geometry/processing_geometry_v3.py,32,FunctionDef,rotate_vector_by_quaternion
legacy/geometry/processing_geometry_v3.py,41,FunctionDef,geometric_correction
legacy/geometry/processing_geometry_v3.py,93,FunctionDef,main
legacy/geometry/processing_geometry_v4.py,11,FunctionDef,quat_to_rotation_matrix
legacy/geometry/processing_geometry_v4.py,23,FunctionDef,rotate_vector_by_quaternion
legacy/geometry/processing_geometry_v4.py,31,FunctionDef,normalize_quaternion
legacy/geometry/processing_geometry_v4.py,34,FunctionDef,quaternion_product
legacy/geometry/processing_geometry_v4.py,49,FunctionDef,quaternion_derivative
legacy/geometry/processing_geometry_v4.py,68,FunctionDef,integrate_quaternion
legacy/geometry/processing_geometry_v4.py,89,FunctionDef,geometric_correction
legacy/geometry/processing_geometry_v4.py,144,FunctionDef,main
legacy/geometry/processing_geometry_v5.py,11,FunctionDef,quat_to_rotation_matrix
legacy/geometry/processing_geometry_v5.py,26,FunctionDef,rotate_vector_by_quaternion
legacy/geometry/processing_geometry_v5.py,35,FunctionDef,tilt_rotation_matrix
legacy/geometry/processing_geometry_v5.py,48,FunctionDef,geometric_correction
legacy/geometry/processing_geometry_v5.py,114,FunctionDef,main
legacy/geometry/processing_geometry_v6.py,11,FunctionDef,quat_to_rotation_matrix
legacy/geometry/processing_geometry_v6.py,38,FunctionDef,rotate_vector_by_quaternion
legacy/geometry/processing_geometry_v6.py,51,FunctionDef,get_inverse_quaternion
legacy/geometry/processing_geometry_v6.py,65,FunctionDef,tilt_rotation_matrix
legacy/geometry/processing_geometry_v6.py,80,FunctionDef,doppler_correction
legacy/geometry/processing_geometry_v6.py,101,FunctionDef,geometric_correction
legacy/geometry/processing_geometry_v6.py,178,FunctionDef,main
legacy/geometry/processing_geometry_v7.py,15,FunctionDef,quat_to_rotation_matrix
legacy/geometry/processing_geometry_v7.py,34,FunctionDef,rotate_vector_by_quaternion
legacy/geometry/processing_geometry_v7.py,43,FunctionDef,tilt_rotation_matrix
legacy/geometry/processing_geometry_v7.py,62,FunctionDef,geometric_correction
legacy/geometry/processing_geometry_v7.py,124,FunctionDef,main
legacy/geometry/processing_geometry_with_distance.py,9,FunctionDef,quat_to_rotation_matrix
legacy/geometry/processing_geometry_with_distance.py,23,FunctionDef,rotate_vector_by_quaternion
legacy/geometry/processing_geometry_with_distance.py,32,FunctionDef,geometric_correction
legacy/geometry/processing_geometry_with_distance.py,88,FunctionDef,main
legacy/geometry/processing_geometry_with_distance_v2.py,11,FunctionDef,quat_to_rotation_matrix
legacy/geometry/processing_geometry_with_distance_v2.py,26,FunctionDef,rotate_vector_by_quaternion
legacy/geometry/processing_geometry_with_distance_v2.py,35,FunctionDef,tilt_rotation_matrix
legacy/geometry/processing_geometry_with_distance_v2.py,48,FunctionDef,geometric_correction
legacy/geometry/processing_geometry_with_distance_v2.py,114,FunctionDef,main
legacy/geometry/processing_geometry_xyz.py,9,FunctionDef,quat_to_rotation_matrix
legacy/geometry/processing_geometry_xyz.py,22,FunctionDef,rotate_vector_by_quaternion
legacy/geometry/processing_geometry_xyz.py,31,FunctionDef,geometric_correction
legacy/geometry/processing_geometry_xyz.py,83,FunctionDef,main
recovered_prior_uploads/Make_Merged_data_v4.py,17,FunctionDef,apply_butterworth_filter
recovered_prior_uploads/Make_Merged_data_v4.py,39,FunctionDef,merge_files
recovered_prior_uploads/Make_Merged_data_v4.py,147,FunctionDef,main
