path,line,module
experiments/fusion_protocol/analyze_fusion_results.py,4,__future__
experiments/fusion_protocol/analyze_fusion_results.py,6,os
experiments/fusion_protocol/analyze_fusion_results.py,7,json
experiments/fusion_protocol/analyze_fusion_results.py,8,glob
experiments/fusion_protocol/analyze_fusion_results.py,9,zipfile
experiments/fusion_protocol/analyze_fusion_results.py,10,argparse
experiments/fusion_protocol/analyze_fusion_results.py,11,typing
experiments/fusion_protocol/analyze_fusion_results.py,13,numpy
experiments/fusion_protocol/analyze_fusion_results.py,14,pandas
experiments/fusion_protocol/make_sample_distribution_table.py,4,os
experiments/fusion_protocol/make_sample_distribution_table.py,5,pathlib
experiments/fusion_protocol/make_sample_distribution_table.py,6,argparse
experiments/fusion_protocol/make_sample_distribution_table.py,7,pandas
experiments/fusion_protocol/run_fusion_protocol_suite.py,36,__future__
experiments/fusion_protocol/run_fusion_protocol_suite.py,38,os
experiments/fusion_protocol/run_fusion_protocol_suite.py,39,sys
experiments/fusion_protocol/run_fusion_protocol_suite.py,40,glob
experiments/fusion_protocol/run_fusion_protocol_suite.py,41,json
experiments/fusion_protocol/run_fusion_protocol_suite.py,42,math
experiments/fusion_protocol/run_fusion_protocol_suite.py,43,time
experiments/fusion_protocol/run_fusion_protocol_suite.py,44,csv
experiments/fusion_protocol/run_fusion_protocol_suite.py,45,hashlib
experiments/fusion_protocol/run_fusion_protocol_suite.py,46,argparse
experiments/fusion_protocol/run_fusion_protocol_suite.py,47,traceback
experiments/fusion_protocol/run_fusion_protocol_suite.py,48,dataclasses
experiments/fusion_protocol/run_fusion_protocol_suite.py,49,typing
experiments/fusion_protocol/run_fusion_protocol_suite.py,51,numpy
experiments/fusion_protocol/run_fusion_protocol_suite.py,52,pandas
experiments/fusion_protocol/run_fusion_protocol_suite.py,54,torch
experiments/fusion_protocol/run_fusion_protocol_suite.py,55,torch.nn
experiments/fusion_protocol/run_fusion_protocol_suite.py,56,torch.nn.functional
experiments/fusion_protocol/run_fusion_protocol_suite.py,98,random
experiments/revision/analyze_fusion_results.py,4,__future__
experiments/revision/analyze_fusion_results.py,6,os
experiments/revision/analyze_fusion_results.py,7,json
experiments/revision/analyze_fusion_results.py,8,glob
experiments/revision/analyze_fusion_results.py,9,zipfile
experiments/revision/analyze_fusion_results.py,10,argparse
experiments/revision/analyze_fusion_results.py,11,typing
experiments/revision/analyze_fusion_results.py,13,numpy
experiments/revision/analyze_fusion_results.py,14,pandas
experiments/revision/analyze_revision_lr_stats.py,16,__future__
experiments/revision/analyze_revision_lr_stats.py,17,os
experiments/revision/analyze_revision_lr_stats.py,17,re
experiments/revision/analyze_revision_lr_stats.py,17,glob
experiments/revision/analyze_revision_lr_stats.py,17,json
experiments/revision/analyze_revision_lr_stats.py,17,zipfile
experiments/revision/analyze_revision_lr_stats.py,17,argparse
experiments/revision/analyze_revision_lr_stats.py,17,math
experiments/revision/analyze_revision_lr_stats.py,18,typing
experiments/revision/analyze_revision_lr_stats.py,19,numpy
experiments/revision/analyze_revision_lr_stats.py,20,pandas
experiments/revision/analyze_revision_lr_stats.py,23,scipy
experiments/revision/run_fusion_protocol_suite.py,36,__future__
experiments/revision/run_fusion_protocol_suite.py,38,os
experiments/revision/run_fusion_protocol_suite.py,39,sys
experiments/revision/run_fusion_protocol_suite.py,40,glob
experiments/revision/run_fusion_protocol_suite.py,41,json
experiments/revision/run_fusion_protocol_suite.py,42,math
experiments/revision/run_fusion_protocol_suite.py,43,time
experiments/revision/run_fusion_protocol_suite.py,44,csv
experiments/revision/run_fusion_protocol_suite.py,45,hashlib
experiments/revision/run_fusion_protocol_suite.py,46,argparse
experiments/revision/run_fusion_protocol_suite.py,47,traceback
experiments/revision/run_fusion_protocol_suite.py,48,dataclasses
experiments/revision/run_fusion_protocol_suite.py,49,typing
experiments/revision/run_fusion_protocol_suite.py,51,numpy
experiments/revision/run_fusion_protocol_suite.py,52,pandas
experiments/revision/run_fusion_protocol_suite.py,54,torch
experiments/revision/run_fusion_protocol_suite.py,55,torch.nn
experiments/revision/run_fusion_protocol_suite.py,56,torch.nn.functional
experiments/revision/run_fusion_protocol_suite.py,98,random
legacy/BGT60TR13C/HMI_DataCap_raw_v1.py,3,pandas
legacy/BGT60TR13C/HMI_DataCap_raw_v1.py,4,os
legacy/BGT60TR13C/HMI_DataCap_raw_v1.py,5,glob
legacy/BGT60TR13C/HMI_DataCap_raw_v1.py,6,numpy
legacy/BGT60TR13C/HMI_DataCap_raw_v1.py,7,cv2
legacy/BGT60TR13C/IMU_data_cut.py,1,os
legacy/BGT60TR13C/IMU_data_cut.py,2,glob
legacy/BGT60TR13C/IMU_data_cut.py,3,pandas
legacy/BGT60TR13C/IMU_data_cut.py,4,numpy
legacy/BGT60TR13C/IMU_processe.py,1,os
legacy/BGT60TR13C/IMU_processe.py,2,glob
legacy/BGT60TR13C/IMU_processe.py,3,pandas
legacy/BGT60TR13C/IMU_processe.py,4,numpy
legacy/BGT60TR13C/IMU_processe_v1.py,1,os
legacy/BGT60TR13C/IMU_processe_v1.py,2,glob
legacy/BGT60TR13C/IMU_processe_v1.py,3,pandas
legacy/BGT60TR13C/IMU_processe_v1.py,4,numpy
legacy/BGT60TR13C/IMU_txt2csv.py,1,os
legacy/BGT60TR13C/IMU_txt2csv.py,2,glob
legacy/BGT60TR13C/IMU_txt2csv.py,3,pandas
legacy/BGT60TR13C/IMU_txt2csv_junh.py,1,os
legacy/BGT60TR13C/IMU_txt2csv_junh.py,2,glob
legacy/BGT60TR13C/IMU_txt2csv_junh.py,3,pandas
legacy/BGT60TR13C/IMU_txt_junh.py,1,os
legacy/BGT60TR13C/helpers/DigitalBeamForming.py,29,numpy
legacy/BGT60TR13C/helpers/DistanceAlgo.py,29,numpy
legacy/BGT60TR13C/helpers/DistanceAlgo.py,30,scipy
legacy/BGT60TR13C/helpers/DistanceAlgo.py,32,ifxradarsdk.fmcw.types
legacy/BGT60TR13C/helpers/DistanceAlgo.py,33,helpers.fft_spectrum
legacy/BGT60TR13C/helpers/DopplerAlgo.py,29,numpy
legacy/BGT60TR13C/helpers/DopplerAlgo.py,30,scipy
legacy/BGT60TR13C/helpers/DopplerAlgo.py,32,helpers.fft_spectrum
legacy/BGT60TR13C/helpers/fft_spectrum.py,29,numpy
legacy/BGT60TR13C/interpolation/data_interporation_image_filter.py,3,os
legacy/BGT60TR13C/interpolation/data_interporation_image_filter.py,4,glob
legacy/BGT60TR13C/interpolation/data_interporation_image_filter.py,5,numpy
legacy/BGT60TR13C/interpolation/data_interporation_image_filter.py,6,matplotlib.pyplot
legacy/BGT60TR13C/interpolation/data_interportatiion_EKF_test.py,3,os
legacy/BGT60TR13C/interpolation/data_interportatiion_EKF_test.py,4,glob
legacy/BGT60TR13C/interpolation/data_interportatiion_EKF_test.py,5,numpy
legacy/BGT60TR13C/interpolation/data_interportatiion_EKF_test.py,6,matplotlib.pyplot
legacy/BGT60TR13C/interpolation/data_interportation_EKF_frame.py,3,os
legacy/BGT60TR13C/interpolation/data_interportation_EKF_frame.py,4,glob
legacy/BGT60TR13C/interpolation/data_interportation_EKF_frame.py,5,numpy
legacy/BGT60TR13C/interpolation/data_interportation_EKF_frame.py,6,matplotlib.pyplot
legacy/BGT60TR13C/interpolation/data_interportation_EKF_test.py,3,os
legacy/BGT60TR13C/interpolation/data_interportation_EKF_test.py,4,glob
legacy/BGT60TR13C/interpolation/data_interportation_EKF_test.py,5,numpy
legacy/BGT60TR13C/interpolation/data_interportation_EKF_test.py,6,matplotlib.pyplot
legacy/BGT60TR13C/interpolation/data_interportation_frame.py,3,pandas
legacy/BGT60TR13C/interpolation/data_interportation_frame.py,4,os
legacy/BGT60TR13C/interpolation/data_interportation_frame.py,5,glob
legacy/BGT60TR13C/interpolation/data_interportation_frame.py,6,numpy
legacy/BGT60TR13C/interpolation/data_interportation_frame.py,7,cv2
legacy/BGT60TR13C/interpolation/data_interportation_image.py,3,os
legacy/BGT60TR13C/interpolation/data_interportation_image.py,4,glob
legacy/BGT60TR13C/interpolation/data_interportation_image.py,5,numpy
legacy/BGT60TR13C/interpolation/data_interportation_image.py,6,matplotlib.pyplot
legacy/BGT60TR13C/interpolation/data_interportation_test.py,3,os
legacy/BGT60TR13C/interpolation/data_interportation_test.py,4,glob
legacy/BGT60TR13C/interpolation/data_interportation_test.py,5,numpy
legacy/BGT60TR13C/interpolation/data_interportation_test.py,6,matplotlib.pyplot
legacy/BGT60TR13C/raw_to_RDA.py,4,numpy
legacy/BGT60TR13C/raw_to_RDA.py,5,pandas
legacy/BGT60TR13C/raw_to_RDA.py,6,matplotlib.pyplot
legacy/BGT60TR13C/raw_to_RDA.py,7,os
legacy/BGT60TR13C/raw_to_RDA.py,8,glob
legacy/BGT60TR13C/raw_to_RDA.py,10,helpers.DopplerAlgo
legacy/BGT60TR13C/raw_to_RDA.py,11,helpers.DigitalBeamForming
legacy/BGT60TR13C/raw_to_RDAimage_CFAR.py,1,numpy
legacy/BGT60TR13C/raw_to_RDAimage_CFAR.py,2,pandas
legacy/BGT60TR13C/raw_to_RDAimage_CFAR.py,3,matplotlib.pyplot
legacy/BGT60TR13C/raw_to_RDAimage_CFAR.py,4,matplotlib
legacy/BGT60TR13C/raw_to_RDAimage_CFAR.py,5,os
legacy/BGT60TR13C/raw_to_RDAimage_CFAR.py,6,glob
legacy/BGT60TR13C/raw_to_RDAimage_CFAR.py,9,helpers.DopplerAlgo
legacy/BGT60TR13C/raw_to_RDAimage_CFAR.py,10,helpers.DigitalBeamForming
legacy/BGT60TR13C/raw_to_RDAimage_CFAR.py,12,collections
legacy/BGT60TR13C/raw_to_RDAimage_CFAR.py,387,numpy
legacy/BGT60TR13C/raw_to_RDAimage_CFAR.py,388,matplotlib.pyplot
legacy/BGT60TR13C/raw_to_RDAimage_CFAR.py,389,os
legacy/BGT60TR13C/raw_to_RDAimage_frame_norn_csv.py,1,numpy
legacy/BGT60TR13C/raw_to_RDAimage_frame_norn_csv.py,2,pandas
legacy/BGT60TR13C/raw_to_RDAimage_frame_norn_csv.py,3,matplotlib.pyplot
legacy/BGT60TR13C/raw_to_RDAimage_frame_norn_csv.py,4,matplotlib
legacy/BGT60TR13C/raw_to_RDAimage_frame_norn_csv.py,5,os
legacy/BGT60TR13C/raw_to_RDAimage_frame_norn_csv.py,6,glob
legacy/BGT60TR13C/raw_to_RDAimage_frame_norn_csv.py,9,helpers.DopplerAlgo
legacy/BGT60TR13C/raw_to_RDAimage_frame_norn_csv.py,10,helpers.DigitalBeamForming
legacy/BGT60TR13C/raw_to_RDAimage_frame_norn_csv.py,23,numpy
legacy/BGT60TR13C/raw_to_RDAimage_frame_norn_csv.py,24,helpers.DopplerAlgo
legacy/BGT60TR13C/raw_to_RDAimage_frame_norn_csv.py,25,helpers.DigitalBeamForming
legacy/BGT60TR13C/raw_to_RDAimage_frame_norn_csv.py,140,numpy
legacy/BGT60TR13C/raw_to_RDAimage_frame_norn_csv.py,141,os
legacy/BGT60TR13C/raw_to_RDAimage_image_norm.py,1,numpy
legacy/BGT60TR13C/raw_to_RDAimage_image_norm.py,2,pandas
legacy/BGT60TR13C/raw_to_RDAimage_image_norm.py,3,matplotlib.pyplot
legacy/BGT60TR13C/raw_to_RDAimage_image_norm.py,4,matplotlib
legacy/BGT60TR13C/raw_to_RDAimage_image_norm.py,5,os
legacy/BGT60TR13C/raw_to_RDAimage_image_norm.py,6,glob
legacy/BGT60TR13C/raw_to_RDAimage_image_norm.py,9,helpers.DopplerAlgo
legacy/BGT60TR13C/raw_to_RDAimage_image_norm.py,10,helpers.DigitalBeamForming
legacy/BGT60TR13C/raw_to_RDAimage_image_norm.py,117,numpy
legacy/BGT60TR13C/raw_to_RDAimage_image_norm.py,118,matplotlib.pyplot
legacy/BGT60TR13C/raw_to_RDAimage_image_norm.py,119,os
legacy/BGT60TR13C/raw_to_RDAimage_image_norn_csv.py,1,numpy
legacy/BGT60TR13C/raw_to_RDAimage_image_norn_csv.py,2,pandas
legacy/BGT60TR13C/raw_to_RDAimage_image_norn_csv.py,3,matplotlib.pyplot
legacy/BGT60TR13C/raw_to_RDAimage_image_norn_csv.py,4,matplotlib
legacy/BGT60TR13C/raw_to_RDAimage_image_norn_csv.py,5,os
legacy/BGT60TR13C/raw_to_RDAimage_image_norn_csv.py,6,glob
legacy/BGT60TR13C/raw_to_RDAimage_image_norn_csv.py,9,helpers.DopplerAlgo
legacy/BGT60TR13C/raw_to_RDAimage_image_norn_csv.py,10,helpers.DigitalBeamForming
legacy/BGT60TR13C/raw_to_RDAimage_image_norn_csv.py,116,numpy
legacy/BGT60TR13C/raw_to_RDAimage_image_norn_csv.py,117,os
legacy/BGT60TR13C/raw_to_RDAimages_frame_norm.py,1,numpy
legacy/BGT60TR13C/raw_to_RDAimages_frame_norm.py,2,pandas
legacy/BGT60TR13C/raw_to_RDAimages_frame_norm.py,3,matplotlib.pyplot
legacy/BGT60TR13C/raw_to_RDAimages_frame_norm.py,4,matplotlib
legacy/BGT60TR13C/raw_to_RDAimages_frame_norm.py,5,os
legacy/BGT60TR13C/raw_to_RDAimages_frame_norm.py,6,glob
legacy/BGT60TR13C/raw_to_RDAimages_frame_norm.py,9,helpers.DopplerAlgo
legacy/BGT60TR13C/raw_to_RDAimages_frame_norm.py,10,helpers.DigitalBeamForming
legacy/BGT60TR13C/raw_to_RDAimages_frame_norm.py,23,numpy
legacy/BGT60TR13C/raw_to_RDAimages_frame_norm.py,24,helpers.DopplerAlgo
legacy/BGT60TR13C/raw_to_RDAimages_frame_norm.py,25,helpers.DigitalBeamForming
legacy/BGT60TR13C/raw_to_RDAimages_frame_norm.py,142,numpy
legacy/BGT60TR13C/raw_to_RDAimages_frame_norm.py,143,matplotlib.pyplot
legacy/BGT60TR13C/raw_to_RDAimages_frame_norm.py,144,os
legacy/BGT60TR13C/raw_to_STFT.py,4,numpy
legacy/BGT60TR13C/raw_to_STFT.py,5,pandas
legacy/BGT60TR13C/raw_to_STFT.py,6,matplotlib.pyplot
legacy/BGT60TR13C/raw_to_STFT.py,7,os
legacy/BGT60TR13C/raw_to_STFT.py,8,glob
legacy/BGT60TR13C/raw_to_STFT.py,9,scipy.signal
legacy/BGT60TR13C/raw_to_STFT.py,11,helpers.DopplerAlgo
legacy/BGT60TR13C/raw_to_STFT.py,12,helpers.DigitalBeamForming
legacy/BGT60TR13C/raw_to_STFT_NTT.py,4,numpy
legacy/BGT60TR13C/raw_to_STFT_NTT.py,5,os
legacy/BGT60TR13C/raw_to_STFT_NTT.py,6,glob
legacy/BGT60TR13C/raw_to_STFT_NTT.py,7,matplotlib.pyplot
legacy/BGT60TR13C/raw_to_STFT_NTT.py,9,helpers.DopplerAlgo
legacy/BGT60TR13C/raw_to_STFT_NTT.py,10,helpers.DigitalBeamForming
legacy/geometry/processing_geometry_GPT.py,19,os
legacy/geometry/processing_geometry_GPT.py,20,argparse
legacy/geometry/processing_geometry_GPT.py,21,traceback
legacy/geometry/processing_geometry_GPT.py,22,typing
legacy/geometry/processing_geometry_GPT.py,24,numpy
legacy/geometry/processing_geometry_GPT.py,25,pandas
legacy/geometry/processing_geometry_v1.py,4,os
legacy/geometry/processing_geometry_v1.py,5,pandas
legacy/geometry/processing_geometry_v1.py,6,numpy
legacy/geometry/processing_geometry_v2.py,1,os
legacy/geometry/processing_geometry_v2.py,2,pandas
legacy/geometry/processing_geometry_v2.py,3,numpy
legacy/geometry/processing_geometry_v3.py,4,os
legacy/geometry/processing_geometry_v3.py,5,pandas
legacy/geometry/processing_geometry_v3.py,6,numpy
legacy/geometry/processing_geometry_v4.py,4,os
legacy/geometry/processing_geometry_v4.py,5,pandas
legacy/geometry/processing_geometry_v4.py,6,numpy
legacy/geometry/processing_geometry_v5.py,4,os
legacy/geometry/processing_geometry_v5.py,5,pandas
legacy/geometry/processing_geometry_v5.py,6,numpy
legacy/geometry/processing_geometry_v6.py,4,os
legacy/geometry/processing_geometry_v6.py,5,pandas
legacy/geometry/processing_geometry_v6.py,6,numpy
legacy/geometry/processing_geometry_v7.py,4,os
legacy/geometry/processing_geometry_v7.py,5,pandas
legacy/geometry/processing_geometry_v7.py,6,numpy
legacy/geometry/processing_geometry_with_distance.py,4,os
legacy/geometry/processing_geometry_with_distance.py,5,pandas
legacy/geometry/processing_geometry_with_distance.py,6,numpy
legacy/geometry/processing_geometry_with_distance_v2.py,4,os
legacy/geometry/processing_geometry_with_distance_v2.py,5,pandas
legacy/geometry/processing_geometry_with_distance_v2.py,6,numpy
legacy/geometry/processing_geometry_xyz.py,4,os
legacy/geometry/processing_geometry_xyz.py,5,pandas
legacy/geometry/processing_geometry_xyz.py,6,numpy
recovered_prior_uploads/Make_Merged_data_v4.py,4,os
recovered_prior_uploads/Make_Merged_data_v4.py,5,csv
recovered_prior_uploads/Make_Merged_data_v4.py,6,math
recovered_prior_uploads/Make_Merged_data_v4.py,7,numpy
recovered_prior_uploads/Make_Merged_data_v4.py,8,itertools
recovered_prior_uploads/Make_Merged_data_v4.py,9,scipy.signal
