path,line,literal
experiments/fusion_protocol/make_sample_distribution_table.py,146,/media/dokyeong/MINJI/dokyeong/processedData_radar_imu_geometry_GPT_2
experiments/fusion_protocol/make_sample_distribution_table.py,152,/media/dokyeong/MINJI/dokyeong/RadarIMU_HGR_FusionProtocol_Experiments/revision_tables
legacy/BGT60TR13C/HMI_DataCap_raw_v1.py,227,/media/dokyeong/MINJI/dokyeong/Radar_RADimages_fram_norm_csv/
legacy/BGT60TR13C/HMI_DataCap_raw_v1.py,228,/media/dokyeong/MINJI/dokyeong/IMUData/
legacy/BGT60TR13C/HMI_DataCap_raw_v1.py,229,/media/dokyeong/MINJI/dokyeong/processed_2D_frame_norm/
legacy/BGT60TR13C/IMU_data_cut.py,7,E:/dokyeong/IMU_rawdata/csv/junh/
legacy/BGT60TR13C/IMU_data_cut.py,8,E:/dokyeong/IMUData/junh/
legacy/BGT60TR13C/IMU_data_cut.py,9,E:/dokyeong/Radar_RDAData/junh/
legacy/BGT60TR13C/IMU_processe.py,7,E:/dokyeong/IMU_rawdata/txt/
legacy/BGT60TR13C/IMU_processe.py,8,E:/dokyeong/IMU_rawdata/csv/
legacy/BGT60TR13C/IMU_processe.py,9,E:/dokyeong/IMUData/
legacy/BGT60TR13C/IMU_processe.py,10,E:/dokyeong/Radar_RDAData/
legacy/BGT60TR13C/IMU_processe_v1.py,8,E:/dokyeong/IMU_rawdata/txt/dk/02LtoR/
legacy/BGT60TR13C/IMU_processe_v1.py,9,E:/dokyeong/IMU_rawdata/csv/dk/02LtoR/
legacy/BGT60TR13C/IMU_processe_v1.py,10,E:/dokyeong/IMUData/dk/02LtoR/
legacy/BGT60TR13C/IMU_processe_v1.py,11,E:/dokyeong/Radar_RDAData/dk/02LtoR/
legacy/BGT60TR13C/IMU_txt2csv.py,6,E:/dokyeong/IMU_rawdata/txt/
legacy/BGT60TR13C/IMU_txt2csv.py,7,E:/dokyeong/IMU_rawdata/csv/
legacy/BGT60TR13C/IMU_txt2csv_junh.py,6,E:/dokyeong/IMU_rawdata/txt/junh/01RtoL/
legacy/BGT60TR13C/IMU_txt2csv_junh.py,7,E:/dokyeong/IMU_rawdata/csv/junh/01RtoL/
legacy/BGT60TR13C/IMU_txt_junh.py,4,E:/dokyeong/IMU_rawdata/txt/junh/01RtoL/None/25-02-2025 015053.txt
legacy/BGT60TR13C/IMU_txt_junh.py,5,E:/dokyeong/IMU_rawdata/txt/junh/01RtoL/None/25-02-2025 015053.txt
legacy/BGT60TR13C/interpolation/data_interporation_image_filter.py,498,/media/dokyeong/MINJI/dokyeong/Radar_RADimages_image_norm_csv/
legacy/BGT60TR13C/interpolation/data_interporation_image_filter.py,499,/media/dokyeong/MINJI/dokyeong/IMUData/
legacy/BGT60TR13C/interpolation/data_interporation_image_filter.py,500,/media/dokyeong/MINJI/dokyeong/processed_2D_image_norm_filter_test/
legacy/BGT60TR13C/interpolation/data_interportatiion_EKF_test.py,622,/media/dokyeong/MINJI/dokyeong/Radar_RADimages_image_norm_csv/ms/03UtoD/UP/
legacy/BGT60TR13C/interpolation/data_interportatiion_EKF_test.py,623,/media/dokyeong/MINJI/dokyeong/IMUData/ms/03UtoD/UP/
legacy/BGT60TR13C/interpolation/data_interportatiion_EKF_test.py,715,/media/dokyeong/MINJI/dokyeong/processed_2D_frame_norm_1/ms/03UtoD/None/
legacy/BGT60TR13C/interpolation/data_interportation_EKF_frame.py,517,/media/dokyeong/MINJI/dokyeong/Radar_RADimages_image_norm_CFAR_csv/
legacy/BGT60TR13C/interpolation/data_interportation_EKF_frame.py,518,/media/dokyeong/MINJI/dokyeong/IMUData/
legacy/BGT60TR13C/interpolation/data_interportation_EKF_frame.py,519,/media/dokyeong/MINJI/dokyeong/processed_2D_image_norm_CCFAR/
legacy/BGT60TR13C/interpolation/data_interportation_EKF_test.py,648,/media/dokyeong/MINJI/dokyeong/Radar_RADimages_image_norm_CFAR_csv/ms/03UtoD/UP/
legacy/BGT60TR13C/interpolation/data_interportation_EKF_test.py,649,/media/dokyeong/MINJI/dokyeong/IMUData/ms/03UtoD/UP/
legacy/BGT60TR13C/interpolation/data_interportation_EKF_test.py,741,/media/dokyeong/MINJI/dokyeong/processed_2D_frame_norm_2/ms/03UtoD/None/
legacy/BGT60TR13C/interpolation/data_interportation_frame.py,352,/media/dokyeong/MINJI/dokyeong/Radar_RADimages_fram_norm_csv/junh/01RtoL/None/
legacy/BGT60TR13C/interpolation/data_interportation_frame.py,353,/media/dokyeong/MINJI/dokyeong/IMUData/junh/01RtoL/None/
legacy/BGT60TR13C/interpolation/data_interportation_frame.py,354,/media/dokyeong/MINJI/dokyeong/processed_2D_frame_norm_1/junh/01RtoL/None/
legacy/BGT60TR13C/interpolation/data_interportation_image.py,498,/media/dokyeong/MINJI/dokyeong/Radar_RADimages_image_norm_2_csv/
legacy/BGT60TR13C/interpolation/data_interportation_image.py,499,/media/dokyeong/MINJI/dokyeong/IMUData/
legacy/BGT60TR13C/interpolation/data_interportation_image.py,500,/media/dokyeong/MINJI/dokyeong/processed_2D_image_norm_filter_4_test/
legacy/BGT60TR13C/interpolation/data_interportation_test.py,477,/media/dokyeong/MINJI/dokyeong/Radar_RADimages_image_norm_csv/ms/03UtoD/UP/
legacy/BGT60TR13C/interpolation/data_interportation_test.py,478,/media/dokyeong/MINJI/dokyeong/IMUData/ms/03UtoD/UP/
legacy/BGT60TR13C/interpolation/data_interportation_test.py,571,/media/dokyeong/MINJI/dokyeong/processed_2D_frame_norm_1/ms/03UtoD/None/
legacy/BGT60TR13C/raw_to_RDA.py,171,E:/dokyeong/Radar_rawdata/dk/02LtoR/None/
legacy/BGT60TR13C/raw_to_RDA.py,172,E:/dokyeong/Radar_RDAData/dk/02LtoR/None/
legacy/BGT60TR13C/raw_to_RDAimage_CFAR.py,455,/media/dokyeong/MINJI/dokyeong/Radar_rawdata/
legacy/BGT60TR13C/raw_to_RDAimage_CFAR.py,456,/media/dokyeong/MINJI/dokyeong/Radar_RADimages_image_norm_CFAR_csv/
legacy/BGT60TR13C/raw_to_RDAimage_frame_norn_csv.py,179,/media/dokyeong/MINJI/dokyeong/Radar_rawdata/
legacy/BGT60TR13C/raw_to_RDAimage_frame_norn_csv.py,180,/media/dokyeong/MINJI/dokyeong/Radar_RADimages_fram_norm_csv/
legacy/BGT60TR13C/raw_to_RDAimage_image_norm.py,237,/media/dokyeong/MINJI/dokyeong/Radar_rawdata/
legacy/BGT60TR13C/raw_to_RDAimage_image_norm.py,238,/media/dokyeong/MINJI/dokyeong/Radar_RADimages_image_norm/
legacy/BGT60TR13C/raw_to_RDAimage_image_norn_csv.py,153,/media/dokyeong/MINJI/dokyeong/Radar_rawdata/
legacy/BGT60TR13C/raw_to_RDAimage_image_norn_csv.py,154,/media/dokyeong/MINJI/dokyeong/Radar_RADimages_image_norm_csv/
legacy/BGT60TR13C/raw_to_RDAimages_frame_norm.py,262,/media/dokyeong/MINJI/dokyeong/Radar_rawdata/
legacy/BGT60TR13C/raw_to_RDAimages_frame_norm.py,263,/media/dokyeong/MINJI/dokyeong/Radar_RADimages_fram_norm/
legacy/BGT60TR13C/raw_to_STFT.py,82,E:/dokyeong/Radar_rawdata/
legacy/BGT60TR13C/raw_to_STFT.py,83,E:/dokyeong/Radar_STFT/
legacy/BGT60TR13C/raw_to_STFT_NTT.py,186,/media/dokyeong/MINJI/dokyeong/Radar_rawdata/
legacy/BGT60TR13C/raw_to_STFT_NTT.py,187,/media/dokyeong/MINJI/dokyeong/Radar_STFT_NTT/
legacy/geometry/processing_geometry_GPT.py,29,/home/dokyeong/miniconda3/envs/hgr_sci/processing_data_set/MergedData_all_BLPF_10Hz_v2
legacy/geometry/processing_geometry_GPT.py,34,/media/dokyeong/MINJI/dokyeong/processedData_radar_imu_geometry_GPT_2
legacy/geometry/processing_geometry_v1.py,84,/home/dokyeong/miniconda3/envs/hgr_sci/processing_data_set/MergedData_all_BLPF
legacy/geometry/processing_geometry_v1.py,85,/media/dokyeong/MINJI/dokyeong/processedData_geometry_v1
legacy/geometry/processing_geometry_v2.py,65,/home/dokyeong/miniconda3/envs/hgr_sci/processing_data_set/MergedData_all_BLPF_10Hz_v2
legacy/geometry/processing_geometry_v2.py,66,/media/dokyeong/MINJI/dokyeong/processedData_geometry_v10
legacy/geometry/processing_geometry_v3.py,94,/home/dokyeong/miniconda3/envs/hgr_sci/processing_data_set/MergedData_all_BLPF
legacy/geometry/processing_geometry_v3.py,95,/media/dokyeong/MINJI/dokyeong/processedData_geometry_v6
legacy/geometry/processing_geometry_v4.py,145,/home/dokyeong/miniconda3/envs/hgr_sci/processing_data_set/MergedData_all_BLPF_10Hz_v2
legacy/geometry/processing_geometry_v4.py,146,/media/dokyeong/MINJI/dokyeong/processedData_geometry_v9
legacy/geometry/processing_geometry_v5.py,115,/home/dokyeong/miniconda3/envs/hgr_sci/processing_data_set/MergedData_all_BLPF_10Hz_v2
legacy/geometry/processing_geometry_v5.py,116,/media/dokyeong/MINJI/dokyeong/processedData_geometry_with_head_v8
legacy/geometry/processing_geometry_v6.py,180,/home/dokyeong/miniconda3/envs/hgr_sci/processing_data_set/MergedData_all_BLPF_10Hz_v2
legacy/geometry/processing_geometry_v6.py,181,/media/dokyeong/MINJI/dokyeong/processedData_geometry_with_head_v14
legacy/geometry/processing_geometry_v7.py,125,/home/dokyeong/miniconda3/envs/hgr_sci/processing_data_set/MergedData_all_BLPF_10Hz_v2
legacy/geometry/processing_geometry_v7.py,126,/media/dokyeong/MINJI/dokyeong/processedData_geometry_with_head_v9
legacy/geometry/processing_geometry_with_distance.py,89,/home/dokyeong/miniconda3/envs/hgr_sci/processing_data_set/MergedData_all_BLPF_10Hz_v2
legacy/geometry/processing_geometry_with_distance.py,90,/media/dokyeong/MINJI/dokyeong/processedData_geometry_with_head_v2
legacy/geometry/processing_geometry_with_distance_v2.py,115,/home/dokyeong/miniconda3/envs/hgr_sci/processing_data_set/MergedData_all_BLPF_10Hz_v2
legacy/geometry/processing_geometry_with_distance_v2.py,116,/media/dokyeong/MINJI/dokyeong/processedData_geometry_with_head_v2
legacy/geometry/processing_geometry_xyz.py,84,/home/dokyeong/miniconda3/envs/hgr_sci/processing_data_set/MergedData_all_BLPF
legacy/geometry/processing_geometry_xyz.py,85,/media/dokyeong/MINJI/dokyeong/processedData_geometry_xyz
recovered_prior_uploads/Make_Merged_data_v4.py,149,/media/dokyeong/MINJI/dokyeong/IMUData/
recovered_prior_uploads/Make_Merged_data_v4.py,150,/media/dokyeong/MINJI/dokyeong/Radar_RDAData/
recovered_prior_uploads/Make_Merged_data_v4.py,151,/home/dokyeong/miniconda3/envs/hgr_sci/processing_data_set/MergedData_all_BLPF_10Hz_v2
